Workbook

Sheet Лист ответов
B2: № | C2: ЗАДАНИЕ | D2: ОТВЕТ | F2: СТАТУС
A3: 1 | B3: 1 | C3: Вычислите общую сумму начислений для всех абонентов в тенге | D3: =SUM('База данных'!D:D) -> 3899.58 | F3: =IF(ISERROR(IF(ROUND(D3,2)=ROUND(O3,2),"Правильный ответ","Неправильный ответ")),"Неправильный ответ",IF(ROUND(D3,2)=ROUND(O3,2),"Правильный ответ","Неправильный ответ")) -> Правильный ответ | O3: 3899.58
A4: 2 | B4: =IF(C4="","",A4) -> 2 | C4: =IF(F3="Правильный ответ","Вычислите общую продолжительность разговоров для всех абонентов в секундах","") -> Вычислите общую продолжительность разговоров для всех абонентов в секундах | D4: =SUM('База данных'!E:E) -> 7883 | F4: =IF(ISERROR(IF(D4=D4,"Правильный ответ","Неправильный ответ")),"Неправильный ответ",IF(D4=O4,"Правильный ответ","Неправильный ответ")) -> Правильный ответ | O4: 7883
A5: 3 | B5: =IF(C5="","",A5) -> 3 | C5: =IF(F4="Правильный ответ","Вычислите общее количество звонков всех абонентов (одна строка = один звонок)","") -> Вычислите общее количество звонков всех абонентов (одна строка = один звонок) | D5: =COUNT('База данных'!A:A) -> 623 | F5: =IF(ISERROR(IF(D5=D5,"Правильный ответ","Неправильный ответ")),"Неправильный ответ",IF(D5=O5,"Правильный ответ","Неправильный ответ")) -> Правильный ответ | O5: 623
A6: 4 | B6: =IF(C6="","",A6) -> 4 | C6: =IF(F5="Правильный ответ","Вычислите общую продолжительность разговоров для всех абонентов в минутах, округлив значение до десятичного знака (математическое округление)","") -> Вычислите общую продолжительность разговоров для всех абонентов в минутах, округлив значение до десятичного знака (математическое округление) | D6: =ROUND(SUM('База данных'!E:E)/60, 1) -> 131.4 | F6: =IF(ISERROR(IF(D6=D6,"Правильный ответ","Неправильный ответ")),"Неправильный ответ",IF(D6=O6,"Правильный ответ","Неправильный ответ")) -> Правильный ответ | O6: 131.4
A7: 5 | B7: =IF(C7="","",A7) -> 5 | C7: =IF(F6="Правильный ответ","Вычислите сумму начислений для звонков внутри сети","") -> Вычислите сумму начислений для звонков внутри сети | D7: =SUMIF('База данных'!C:C,'База данных'!C2,'База данных'!D:D) -> 3172.39 | F7: =IF(ISERROR(IF(ROUND(D7,2)=ROUND(O7,2),"Правильный ответ","Неправильный ответ")),"Неправильный ответ",IF(ROUND(D7,2)=ROUND(O7,2),"Правильный ответ","Неправильный ответ")) -> Правильный ответ | O7: 3172.39
A8: 6 | B8: =IF(C8="","",A8) -> 6 | C8: =IF(F7="Правильный ответ","Вычислите продолжительность разговоров на других операторов в секундах","") -> Вычислите продолжительность разговоров на других операторов в секундах | D8: =SUMIF('База данных'!C:C, "На других операторов", 'База данных'!E:E) -> 362 | F8: =IF(ISERROR(IF(D8=D8,"Правильный ответ","Неправильный ответ")),"Неправильный ответ",IF(D8=O8,"Правильный ответ","Неправильный ответ")) -> Правильный ответ | O8: 362
A9: 7 | B9: =IF(C9="","",A9) -> 7 | C9: =IF(F8="Правильный ответ","Вычислите общее количество звонков на тарифном плане 2 (одна строка = один звонок)","") -> Вычислите общее количество звонков на тарифном плане 2 (одна строка = один звонок) | D9: =COUNTIF('База данных'!B:B, 2) -> 66 | F9: =IF(ISERROR(IF(D9=D9,"Правильный ответ","Неправильный ответ")),"Неправильный ответ",IF(D9=O9,"Правильный ответ","Неправильный ответ")) -> Правильный ответ | O9: 66
A10: 8 | B10: =IF(C10="","",A10) -> 8 | C10: =IF(F9="Правильный ответ","Вычислите среднюю стоимость одной минуты разговора всех абонентов по всем направлениям и округлите ее до сотых (математическое округление)","") -> Вычислите среднюю стоимость одной минуты разговора всех абонентов по всем направлениям и округлите ее до сотых (математическое округление) | D10: =ROUND(SUM('База данных'!D:D)/(SUM('База данных'!E:E)/60), 2) -> 29.68 | F10: =IF(ISERROR(IF(D10=D10,"Правильный ответ","Неправильный ответ")),"Неправильный ответ",IF(D10=O10,"Правильный ответ","Неправильный ответ")) -> Правильный ответ | O10: 29.68
A11: 9 | B11: =IF(C11="","",A11) -> 9 | C11: =IF(F10="Правильный ответ","Вычислите среднюю продолжительность одного звонка всех абонентов по всем направлениям в секундах и округлите ее до целого числа (математическое округление)","") -> Вычислите среднюю продолжительность одного звонка всех абонентов по всем направлениям в секундах и округлите ее до целого числа (математическое округление) | D11: =ROUND(SUM('База данных'!E:E)/COUNTA('База данных'!A:A), 0) -> 13 | F11: =IF(ISERROR(IF(D11=D11,"Правильный ответ","Неправильный ответ")),"Неправильный ответ",IF(D11=O11,"Правильный ответ","Неправильный ответ")) -> Правильный ответ | O11: 13
A12: 10 | B12: =IF(C12="","",A12) -> 10 | C12: =IF(F11="Правильный ответ","Вычислите сумму продолжительности разговоров в секундах на городской для тарифного плана 5","") -> Вычислите сумму продолжительности разговоров в секундах на городской для тарифного плана 5 | D12: =SUMIFS('База данных'!E:E, 'База данных'!C:C, "*город*", 'База данных'!B:B, 5) -> 33 | F12: =IF(ISERROR(IF(D12=D12,"Правильный ответ","Неправильный ответ")),"Неправильный ответ",IF(D12=O12,"Правильный ответ","Неправильный ответ")) -> Правильный ответ | O12: 33
A13: 11 | B13: =IF(C13="","",A13) -> 11 | C13: =IF(F12="Правильный ответ","Вычислите количество звонков на межнар для тарифного плана 1","") -> Вычислите количество звонков на межнар для тарифного плана 1 | D13: =COUNTIFS('База данных'!C:C,"*межнар*",'База данных'!B:B,1) -> 6 | F13: =IF(ISERROR(IF(D13=D13,"Правильный ответ","Неправильный ответ")),"Неправильный ответ",IF(D13=O13,"Правильный ответ","Неправильный ответ")) -> Правильный ответ | O13: 6
A14: 12 | B14: =IF(C14="","",A14) -> 12 | C14: =IF(F13="Правильный ответ","Вычислите долю продолжительности внутрисетевых звонков от всех звонков. Округлите до сотых в процентах","") -> Вычислите долю продолжительности внутрисетевых звонков от всех звонков. Округлите до сотых в процентах | D14: 0.9155 | F14: =IF(ISERROR(IF(D14=D14,"Правильный ответ","Неправильный ответ")),"Неправильный ответ",IF(D14=O14,"Правильный ответ","Неправильный ответ")) -> Правильный ответ | O14: 0.9155
A15: 13 | B15: =IF(C15="","",A15) -> 13 | C15: =IF(F14="Правильный ответ","Вычислите долю начислений тарифного плана 1 от общих начислений по всем тарифам. Округлите до сотых в процентах","") -> Вычислите долю начислений тарифного плана 1 от общих начислений по всем тарифам. Округлите до сотых в процентах | D15: 0.3642 | F15: =IF(ISERROR(IF(D15=D15,"Правильный ответ","Неправильный ответ")),"Неправильный ответ",IF(D15=O15,"Правильный ответ","Неправильный ответ")) -> Правильный ответ | O15: 0.3642
A16: 14 | B16: =IF(C16="","",A16) -> 14 | C16: =IF(F15="Правильный ответ","Вычислите общее количество уникальных абонентов","") -> Вычислите общее количество уникальных абонентов | D16: 292 | F16: =IF(ISERROR(IF(D16=D16,"Правильный ответ","Неправильный ответ")),"Неправильный ответ",IF(D16=O16,"Правильный ответ","Неправильный ответ")) -> Правильный ответ | O16: 292
A17: 15 | B17: =IF(C17="","",A17) -> 15 | C17: =IF(F16="Правильный ответ","Укажите общее количество уникальных пользователей внутрисетевых звонков","") -> Укажите общее количество уникальных пользователей внутрисетевых звонков | D17: 290 | F17: =IF(ISERROR(IF(D17=D17,"Правильный ответ","Неправильный ответ")),"Неправильный ответ",IF(D17=O17,"Правильный ответ","Неправильный ответ")) -> Правильный ответ | O17: 290
A18: 16 | B18: =IF(C18="","",A18) -> 16 | C18: =IF(F17="Правильный ответ","Укажите общее количество уникальных абонентов на тарифном плане 6","") -> Укажите общее количество уникальных абонентов на тарифном плане 6 | D18: 63 | F18: =IF(ISERROR(IF(D18=D18,"Правильный ответ","Неправильный ответ")),"Неправильный ответ",IF(D18=O18,"Правильный ответ","Неправильный ответ")) -> Правильный ответ | O18: 63
A19: 17 | B19: =IF(C19="","",A19) -> 17 | C19: =IF(F18="Правильный ответ","Вычислите долю уникальных абонентов тарифного плана 2 от общего количества уникальных абонентов по всем тарифам. Округлите до сотых","") -> Вычислите долю уникальных абонентов тарифного плана 2 от общего количества уникальных абонентов по всем тарифам. Округлите до сотых | D19: 0.1096 | F19: =IF(ISERROR(IF(D19=D19,"Правильный ответ","Неправильный ответ")),"Неправильный ответ",IF(D19=O19,"Правильный ответ","Неправильный ответ")) -> Правильный ответ | O19: 0.1096
A20: 18 | B20: =IF(C20="","",A20) -> 18 | C20: =IF(F19="Правильный ответ","Рассчитайте средние начисления в тенге на одного уникального абонента, округлите значение до сотых","") -> Рассчитайте средние начисления в тенге на одного уникального абонента, округлите значение до сотых | D20: 13.35 | F20: =IF(ISERROR(IF(D20=D20,"Правильный ответ","Неправильный ответ")),"Неправильный ответ",IF(D20=O20,"Правильный ответ","Неправильный ответ")) -> Правильный ответ | O20: 13.35
A21: 19 | B21: =IF(C21="","",A21) -> 19 | C21: =IF(F20="Правильный ответ","Рассчитайте среднюю продолжительность разговоров одного уникального абонента в минутах, округлите значение до десятых","") -> Рассчитайте среднюю продолжительность разговоров одного уникального абонента в минутах, округлите значение до десятых | D21: 0.4 | F21: =IF(ISERROR(IF(D21=D21,"Правильный ответ","Неправильный ответ")),"Неправильный ответ",IF(D21=O21,"Правильный ответ","Неправильный ответ")) -> Правильный ответ | O21: 0.4
A22: 20 | B22: =IF(C22="","",A22) -> 20 | C22: =IF(F21="Правильный ответ","Укажите продолжительность разговоров на тарифном плане, на котором сидит абонент 77010000055","") -> Укажите продолжительность разговоров на тарифном плане, на котором сидит абонент 77010000055 | F22: =IF(ISERROR(IF(D22=D22,"Правильный ответ","Неправильный ответ")),"Неправильный ответ",IF(D22=O22,"Правильный ответ","Неправильный ответ")) -> Неправильный ответ | O22: 2705
A23: 21 | B23: =IF(C23="","",A23) | C23: =IF(F22="Правильный ответ","Укажите абонента, у которого наибольшее начисление","") | F23: =IF(ISERROR(IF(D23=D23,"Правильный ответ","Неправильный ответ")),"Неправильный ответ",IF(D23=O23,"Правильный ответ","Неправильный ответ")) -> Неправильный ответ | O23: 77010000109
A24: 22 | B24: =IF(C24="","",A24) | C24: =IF(F23="Правильный ответ","Укажите абонента, у которого наибольшая продолжительность разговоров на тарифном плане 5","") | F24: =IF(ISERROR(IF(D24=D24,"Правильный ответ","Неправильный ответ")),"Неправильный ответ",IF(D24=O24,"Правильный ответ","Неправильный ответ")) -> Неправильный ответ | O24: 77010000211
A25: 23 | B25: =IF(C25="","",A25) | C25: =IF(F24="Правильный ответ","Укажите абонента, который на 7 месте по общей сумме начислений","") | F25: =IF(ISERROR(IF(D25=D25,"Правильный ответ","Неправильный ответ")),"Неправильный ответ",IF(D25=O25,"Правильный ответ","Неправильный ответ")) -> Неправильный ответ | O25: 77010000133
A26: 24 | B26: =IF(C26="","",A26) | C26: =IF(F25="Правильный ответ","Какое направление не используется абонентами тарифного плана 6 (ответов может быть несколько, вписывать через запятую)","") | D26: {=_xlfn.TEXTJOIN("; ",TRUE,_xlfn._xlws.FILTER(_xlfn.UNIQUE('База данных'!C:C),ISNA(MATCH(_xlfn.UNIQUE('База данных'!C:C),_xlfn.UNIQUE(_xlfn._xlws.FILTER('База данных'!C:C,'База данных'!B:B="6")),0))))} -> #VALUE! | F26: =IF(ISERROR(IF(OR(UPPER(TRIM(LEFT(D26,SEARCH(",",D26,1)-1)))&","&UPPER(TRIM(RIGHT(D26,LEN(D26)-SEARCH(",",D26,1))))=O26&","&P26,UPPER(TRIM(LEFT(D26,SEARCH(",",D26,1)-1)))&","&UPPER(TRIM(RIGHT(D26,LEN(D26)-SEARCH(",",D26,1))))=P26&","&O26),"Правильный ответ","Неправильный ответ")),"Неправильный ответ",IF(OR(UPPER(TRIM(LEFT(D26,SEARCH(",",D26,1)-1)))&","&UPPER(TRIM(RIGHT(D26,LEN(D26)-SEARCH(",",D26,1))))=O26&","&P26,UPPER(TRIM(LEFT(D26,SEARCH(",",D26,1)-1)))&","&UPPER(TRIM(RIGHT(D26,LEN(D26)-SEARCH(",",D26,1))))=P26&","&O26),"Правильный ответ","Неправильный ответ")) -> Неправильный ответ | O26: НА ГОРОДСКОЙ | P26: ДРУГОЕ
C27: =IF(F26="Правильный ответ","Тест пройден. Поздравляем!","") | D27: =SUMIF('База данных'!B:B, VLOOKUP(77010000055, 'База данных'!A:B, 2, 0), 'База данных'!E:E) -> 2705

Sheet База данных
A1: Абонент | B1: Тарифный план | C1: Направление звонка | D1: Начисления, тенге | E1: Продолжительность разговора, секунды | F1: =SUM(E:E) -> 7883 | J1: СУММЕСЛИМН('База данных'!E:E;'База данных'!C:C;"*внутри*")/СУММЕСЛИМН('База данных'!E:E;'База данных'!C:C;"<>")
A2: 77010000068 | B2: 1 | C2: Внутри сети | D2: 0 | E2: 0
A3: 77010000001 | B3: 1 | C3: Внутри сети | D3: 0.43 | E3: 1
A4: 77010000003 | B4: 1 | C4: Внутри сети | D4: 0.43 | E4: 1
A5: 77010000004 | B5: 1 | C5: Внутри сети | D5: 0.43 | E5: 1
A6: 77010000008 | B6: 1 | C6: Внутри сети | D6: 0.43 | E6: 1
A7: 77010000052 | B7: 1 | C7: Внутри сети | D7: 0.43 | E7: 1
A8: 77010000060 | B8: 1 | C8: Внутри сети | D8: 0.43 | E8: 1
A9: 77010000046 | B9: 1 | C9: Внутри сети | D9: 0.43 | E9: 1
A10: 77010000054 | B10: 1 | C10: Внутри сети | D10: 0.43 | E10: 1
A11: 77010000062 | B11: 1 | C11: Внутри сети | D11: 0.43 | E11: 1
A12: 77010000065 | B12: 1 | C12: Внутри сети | D12: 0.43 | E12: 1
A13: 77010000066 | B13: 1 | C13: Внутри сети | D13: 0.43 | E13: 1
... A379: 77010000192 | B379: 5 | C379: Внутри сети | D379: 0.43 | E379: 1
A380: 77010000224 | B380: 5 | C380: Внутри сети | D380: 0.43 | E380: 1 | H380: =SUMIF(B:B, VLOOKUP(77010000055, 'База данных'!A:B, 2, 0),E:E) -> 2705
A381: 77010000227 | B381: 5 | C381: Внутри сети | D381: 0.43 | E381: 1
A382: 77010000209 | B382: 5 | C382: Внутри сети | D382: 0.43 | E382: 1
A383: 77010000216 | B383: 5 | C383: Внутри сети | D383: 0.43 | E383: 1
A384: 77010000236 | B384: 5 | C384: Внутри сети | D384: 0.43 | E384: 1
A385: 77010000235 | B385: 5 | C385: Внутри сети | D385: 0.43 | E385: 1
A386: 77010000165 | B386: 5 | C386: Внутри сети | D386: 0.85 | E386: 2
A387: 77010000163 | B387: 5 | C387: На городской | D387: 7.43 | E387: 2
A388: 77010000173 | B388: 5 | C388: Внутри сети | D388: 0.85 | E388: 2 | H388: {=G} -> #NAME?
A389: 77010000177 | B389: 5 | C389: Внутри сети | D389: 0.85 | E389: 2
A390: 77010000186 | B390: 5 | C390: Внутри сети | D390: 0.85 | E390: 2
A391: 77010000189 | B391: 5 | C391: Внутри сети | D391: 0.85 | E391: 2
A392: 77010000187 | B392: 5 | C392: Внутри сети | D392: 0.85 | E392: 2
A393: 77010000192 | B393: 5 | C393: Внутри сети | D393: 0.85 | E393: 2
A394: 77010000237 | B394: 5 | C394: Внутри сети | D394: 0.85 | E394: 2
A395: 77010000237 | B395: 5 | C395: Внутри сети | D395: 0.85 | E395: 2
A396: 77010000168 | B396: 5 | C396: Внутри сети | D396: 1.28 | E396: 3
A397: 77010000171 | B397: 5 | C397: Внутри сети | D397: 1.28 | E397: 3
A398: 77010000185 | B398: 5 | C398: Внутри сети | D398: 1.28 | E398: 3
A399: 77010000199 | B399: 5 | C399: Внутри сети | D399: 1.28 | E399: 3
A400: 77010000223 | B400: 5 | C400: Внутри сети | D400: 1.28 | E400: 3
... A624: 77010000246 | B624: 6 | C624: На других операторов | D624: 22.3 | E624: 24

Sheet Лист2
A1: Абонент | B1: Начисления, тенге
A2: 77010000068 | B2: =SUMIFS('База данных'!E:E,'База данных'!A:A,Лист2!A2) -> 22 | C2: =B2/60 -> 0.36666667
A3: 77010000001 | B3: =SUMIFS('База данных'!E:E,'База данных'!A:A,Лист2!A3) -> 20 | C3: =B3/60 -> 0.33333333
A4: 77010000003 | B4: =SUMIFS('База данных'!E:E,'База данных'!A:A,Лист2!A4) -> 29 | C4: =B4/60 -> 0.48333333
A5: 77010000004 | B5: =SUMIFS('База данных'!E:E,'База данных'!A:A,Лист2!A5) -> 21 | C5: =B5/60 -> 0.35
A6: 77010000008 | B6: =SUMIFS('База данных'!E:E,'База данных'!A:A,Лист2!A6) -> 19 | C6: =B6/60 -> 0.31666667
A7: 77010000052 | B7: =SUMIFS('База данных'!E:E,'База данных'!A:A,Лист2!A7) -> 28 | C7: =B7/60 -> 0.46666667
A8: 77010000060 | B8: =SUMIFS('База данных'!E:E,'База данных'!A:A,Лист2!A8) -> 46 | C8: =B8/60 -> 0.76666667
A9: 77010000046 | B9: =SUMIFS('База данных'!E:E,'База данных'!A:A,Лист2!A9) -> 17 | C9: =B9/60 -> 0.28333333
A10: 77010000054 | B10: =SUMIFS('База данных'!E:E,'База данных'!A:A,Лист2!A10) -> 32 | C10: =B10/60 -> 0.53333333
A11: 77010000062 | B11: =SUMIFS('База данных'!E:E,'База данных'!A:A,Лист2!A11) -> 25 | C11: =B11/60 -> 0.41666667
A12: 77010000065 | B12: =SUMIFS('База данных'!E:E,'База данных'!A:A,Лист2!A12) -> 3 | C12: =B12/60 -> 0.05
A13: 77010000066 | B13: =SUMIFS('База данных'!E:E,'База данных'!A:A,Лист2!A13) -> 13 | C13: =B13/60 -> 0.21666667
... A293: 77010000283 | B293: =SUMIFS('База данных'!E:E,'База данных'!A:A,Лист2!A293) -> 22 | C293: =B293/60 -> 0.36666667
B294: =AVERAGE(B2:B293) -> 26.996575 | C294: =SUM(C2:C293) -> 131.38333 | D294: =C294/292 -> 0.44994292
C295: 7883 | D295: =C295/292/60 -> 0.44994292

Sheet Sheet2
A1: =VLOOKUP(77010000055,'База данных'!A:B,2,FALSE) -> 1
A2: =SUMIF('База данных'!B:B,"1",'База данных'!E:E) -> 2705
A3: {=INDEX('База данных'!A:A,MATCH(MAX(_xlfn._xlws.FILTER(SUMIF('База данных'!A:A,'База данных'!A:A,'База данных'!E:E),'База данных'!B:B="5")),SUMIF('База данных'!A:A,'База данных'!A:A,'База данных'!E:E),0))} -> #VALUE!

Sheet Лист1
A1: Абонент | B1: Направление звонка | D1: Абонент
A2: 77010000068 | B2: Внутри сети | D2: 77010000068
A3: 77010000001 | B3: Внутри сети | D3: 77010000001
A4: 77010000003 | B4: Внутри сети | D4: 77010000003
A5: 77010000004 | B5: Внутри сети | D5: 77010000004
A6: 77010000008 | B6: Внутри сети | D6: 77010000008
A7: 77010000052 | B7: Внутри сети | D7: 77010000052
A8: 77010000060 | B8: Внутри сети | D8: 77010000060
A9: 77010000046 | B9: Внутри сети | D9: 77010000046
A10: 77010000054 | B10: Внутри сети | D10: 77010000054
A11: 77010000062 | B11: Внутри сети | D11: 77010000062
A12: 77010000065 | B12: Внутри сети | D12: 77010000065
A13: 77010000066 | B13: Внутри сети | D13: 77010000066
... A291: 77010000297 | B291: Внутри сети | D291: 77010000283
A292: 77010000313 | B292: Внутри сети
A293: 77010000283 | B293: Внутри сети
